Health Variable,cooking_fuel_source,has_running_water,inhouse_shower_Bath,main_toilet_type,road_type,sewage_sys,waste_management
hyp,0.00282274309085314,0.25806158551745534,0.6055548264247981,0.005293992981055553,0.04590445490859614,0.014533143548580436,0.028382457651949956
liver_dis,0.15857339121649217,0.02854978407205652,0.40918684404425565,0.00979743503774051,0.00033053693748887834,1.0,0.5790080697395799
lung_dis,0.01806815658499867,0.8897700840870946,0.11512744378435978,0.19616888016649117,0.004616138445384282,0.8714488447439637,0.43687358263505205
mem_rel_dis,0.17897420071293202,0.030393029206144784,0.000359078145688343,0.41767293208388545,0.10085636288196492,0.0032351712192168125,0.30022889528618535
rheumatism,7.87976808715371e-05,0.30416782725729974,0.1814901548117318,7.613327725161717e-05,0.06429645239535738,1.0962487540346195e-07,0.015597803776452203
self_com_on_health,1.9454235124238225e-06,0.032877124623446295,0.0007296894475395799,9.517536479093454e-05,0.03785979510885393,0.02461462543321346,0.0006445705651837443
stomach_dis,0.01639138269155677,0.23968329338459304,0.967736046890678,0.3020563399533973,0.8792482025069871,0.6616458205553901,0.6253324410182706
