,Independent Variable,Target Variable,Chi-Square,P-Value
0,road_type,hyp,15.756374531592868,7.204476704032122e-05
1,road_type,mem_rel_dis,3.1379787204018847,0.07648854459985763
2,road_type,rheumatism,13.828823977099244,0.00020024065952493607
3,road_type,lund_dis,29.248117321318002,6.367806761761765e-08
4,road_type,liver_dis,34.64859817800995,3.949228571282397e-09
5,road_type,stomach_dis,0.2007738315219441,0.65409695523753
