Year,sanitation_infrastructure,Health_score
2011,10.384458077709612,4.995910020449898
2013,7.764227642276423,4.91869918699187
2015,6.083333333333333,5.3125
