Year,sanitation_infrastructure,Health_score
2011,16.865125240847785,4.127167630057803
2013,15.431818181818182,4.454545454545454
2015,18.0,4.357142857142857
