,Independent Variable,Target Variable,Chi-Square,P-Value
0,sewage_sys,hyp,1.907880182292819,0.16719892166722708
1,sewage_sys,mem_rel_dis,7.331023622047244,0.006777444547117452
2,sewage_sys,rheumatism,16.184652167915765,5.745776035724334e-05
3,sewage_sys,lund_dis,2.6736433454299937,0.10202223239443275
4,sewage_sys,liver_dis,0.5528488640443099,0.4571559806612747
5,sewage_sys,stomach_dis,0.24103556018449634,0.6234591771334043
